year,market,baseload,solar_capture_rate,wind_capture_rate,negative_hours,gas_srmc,gas_near_margin_share,hours
2023,DE,95.175,0.759,0.839,301,118.177,0.372,8760
2024,DE,78.512,0.592,0.838,457,96.826,0.351,8784
2025,DE,89.322,0.516,0.883,576,103.3,0.418,8760
2026,DE,107.718,0.527,0.898,471,132.206,0.418,6551
2023,ES,87.098,0.836,0.875,0,118.177,0.377,8760
2024,ES,63.041,0.673,0.88,247,96.826,0.263,8784
2025,ES,65.288,0.553,0.966,556,103.3,0.256,8760
2026,ES,74.102,0.517,0.916,747,132.206,0.236,6551
2023,FR,96.856,0.863,0.888,147,118.177,0.4,8760
2024,FR,58.018,0.676,0.902,352,96.826,0.251,8784
2025,FR,61.074,0.588,0.897,513,103.3,0.247,8760
2026,FR,81.47,0.548,0.896,563,132.206,0.303,6551
